<?xml version="1.0" encoding="UTF-8"?>
<c3p0-config>  
    <!-- 默认的数据库连接池配置 -->
    <default-config>  
        <!-- 数据库连接的属性 -->
        <property name="jdbcUrl">jdbc:mysql://localhost:3306/test</property>  
        <property name="driverClass">com.mysql.jdbc.Driver</property>  
        <property name="user">root</property>  
        <property name="password">123456</property>   
         
        <!-- 连接池的属性：initialPoolSize：初始连接对象数目
             maxPoolSize：最大连接对象数目
             maxIdleTime：最大空闲时间
         -->
        <property name="initialPoolSize">3</property>  
        <property name="maxIdleTime">1000</property>  
        <property name="maxPoolSize">6</property> 
    
    </default-config>
  
</c3p0-config> 